,State,Year,Quater,Transacion_type,Transacion_count,Transacion_amount
0,andaman-&-nicobar-islands,2020,2,Insurance,6,1360.0
1,andaman-&-nicobar-islands,2020,3,Insurance,41,15380.0
2,andaman-&-nicobar-islands,2020,4,Insurance,124,157975.0
3,andaman-&-nicobar-islands,2021,1,Insurance,225,244266.0
4,andaman-&-nicobar-islands,2021,2,Insurance,137,181504.0
5,andaman-&-nicobar-islands,2021,3,Insurance,230,305235.0
6,andaman-&-nicobar-islands,2021,4,Insurance,757,1056380.0
7,andaman-&-nicobar-islands,2022,1,Insurance,768,1131287.0
8,andaman-&-nicobar-islands,2022,2,Insurance,501,779740.0
9,andaman-&-nicobar-islands,2022,3,Insurance,643,902466.0
10,andaman-&-nicobar-islands,2022,4,Insurance,901,1441210.0
11,andaman-&-nicobar-islands,2023,1,Insurance,1004,1439198.0
12,andaman-&-nicobar-islands,2023,2,Insurance,768,1233395.0
13,andaman-&-nicobar-islands,2023,3,Insurance,795,1251145.0
14,andaman-&-nicobar-islands,2023,4,Insurance,1145,1757821.0
15,andaman-&-nicobar-islands,2024,1,Insurance,1371,1964556.0
16,andaman-&-nicobar-islands,2024,2,Insurance,1097,1744694.0
17,andaman-&-nicobar-islands,2024,3,Insurance,1191,1752800.0
18,andaman-&-nicobar-islands,2024,4,Insurance,1293,2026380.0
19,andhra-pradesh,2020,2,Insurance,22104,3982391.0
20,andhra-pradesh,2020,3,Insurance,49812,12426481.0
21,andhra-pradesh,2020,4,Insurance,21464,12985632.0
22,andhra-pradesh,2021,1,Insurance,22105,12749874.0
23,andhra-pradesh,2021,2,Insurance,33205,22730687.0
24,andhra-pradesh,2021,3,Insurance,23075,19914338.0
25,andhra-pradesh,2021,4,Insurance,25423,31610335.0
26,andhra-pradesh,2022,1,Insurance,29954,42648157.0
27,andhra-pradesh,2022,2,Insurance,32185,41708072.0
28,andhra-pradesh,2022,3,Insurance,39301,48791931.0
29,andhra-pradesh,2022,4,Insurance,44329,58043239.0
30,andhra-pradesh,2023,1,Insurance,34920,51963355.0
31,andhra-pradesh,2023,2,Insurance,36376,52067478.0
32,andhra-pradesh,2023,3,Insurance,43150,57802396.0
33,andhra-pradesh,2023,4,Insurance,41798,62342423.0
34,andhra-pradesh,2024,1,Insurance,46582,63563802.0
35,andhra-pradesh,2024,2,Insurance,42547,62948281.0
36,andhra-pradesh,2024,3,Insurance,48014,73915199.0
37,andhra-pradesh,2024,4,Insurance,61425,80028914.0
38,arunachal-pradesh,2020,2,Insurance,65,14329.0
39,arunachal-pradesh,2020,3,Insurance,135,39687.0
40,arunachal-pradesh,2020,4,Insurance,125,84247.0
41,arunachal-pradesh,2021,1,Insurance,194,131611.0
42,arunachal-pradesh,2021,2,Insurance,204,224928.0
43,arunachal-pradesh,2021,3,Insurance,212,371051.0
44,arunachal-pradesh,2021,4,Insurance,320,598459.0
45,arunachal-pradesh,2022,1,Insurance,355,894107.0
46,arunachal-pradesh,2022,2,Insurance,564,1360231.0
47,arunachal-pradesh,2022,3,Insurance,510,1300304.0
48,arunachal-pradesh,2022,4,Insurance,613,1464572.0
49,arunachal-pradesh,2023,1,Insurance,606,1747475.0
50,arunachal-pradesh,2023,2,Insurance,696,2095988.0
51,arunachal-pradesh,2023,3,Insurance,718,1904786.0
52,arunachal-pradesh,2023,4,Insurance,809,2105408.0
53,arunachal-pradesh,2024,1,Insurance,1100,2419700.0
54,arunachal-pradesh,2024,2,Insurance,1147,2353015.0
55,arunachal-pradesh,2024,3,Insurance,842,1951385.0
56,arunachal-pradesh,2024,4,Insurance,999,2359472.0
57,assam,2020,2,Insurance,978,210034.0
58,assam,2020,3,Insurance,2206,599450.0
59,assam,2020,4,Insurance,2413,1806801.0
60,assam,2021,1,Insurance,3167,2334419.0
61,assam,2021,2,Insurance,3265,3008122.0
62,assam,2021,3,Insurance,4495,6010865.0
63,assam,2021,4,Insurance,8622,13962068.0
64,assam,2022,1,Insurance,16230,27447766.0
65,assam,2022,2,Insurance,9228,15357811.0
66,assam,2022,3,Insurance,14149,22543564.0
67,assam,2022,4,Insurance,18826,29239168.0
68,assam,2023,1,Insurance,22100,36963888.0
69,assam,2023,2,Insurance,16475,28368139.0
70,assam,2023,3,Insurance,22593,35618158.0
71,assam,2023,4,Insurance,23168,38731734.0
72,assam,2024,1,Insurance,33097,48107248.0
73,assam,2024,2,Insurance,22368,34796603.0
74,assam,2024,3,Insurance,17633,31388971.0
75,assam,2024,4,Insurance,21805,35336229.0
76,bihar,2020,2,Insurance,2816,595621.0
77,bihar,2020,3,Insurance,9733,2161102.0
78,bihar,2020,4,Insurance,9913,7860932.0
79,bihar,2021,1,Insurance,12554,8796619.0
80,bihar,2021,2,Insurance,14301,13301581.0
81,bihar,2021,3,Insurance,18030,18234941.0
82,bihar,2021,4,Insurance,22456,27313813.0
83,bihar,2022,1,Insurance,20253,27755736.0
84,bihar,2022,2,Insurance,21892,28212833.0
85,bihar,2022,3,Insurance,28511,34704251.0
86,bihar,2022,4,Insurance,33895,43914519.0
87,bihar,2023,1,Insurance,26929,38746711.0
88,bihar,2023,2,Insurance,29212,40354886.0
89,bihar,2023,3,Insurance,36550,45832355.0
90,bihar,2023,4,Insurance,41447,57624322.0
91,bihar,2024,1,Insurance,51592,63844442.0
92,bihar,2024,2,Insurance,49101,65285065.0
93,bihar,2024,3,Insurance,44745,62777286.0
94,bihar,2024,4,Insurance,62662,83739800.0
95,chandigarh,2020,2,Insurance,149,29537.0
96,chandigarh,2020,3,Insurance,264,70969.0
97,chandigarh,2020,4,Insurance,200,153341.0
98,chandigarh,2021,1,Insurance,338,238576.0
99,chandigarh,2021,2,Insurance,378,310943.0
100,chandigarh,2021,3,Insurance,494,469634.0
101,chandigarh,2021,4,Insurance,710,835813.0
102,chandigarh,2022,1,Insurance,792,1150932.0
103,chandigarh,2022,2,Insurance,1330,1874959.0
104,chandigarh,2022,3,Insurance,1533,1998439.0
105,chandigarh,2022,4,Insurance,1403,2024528.0
106,chandigarh,2023,1,Insurance,1520,2415574.0
107,chandigarh,2023,2,Insurance,1704,2501107.0
108,chandigarh,2023,3,Insurance,1883,2660630.0
109,chandigarh,2023,4,Insurance,1767,3053934.0
110,chandigarh,2024,1,Insurance,1730,3143984.0
111,chandigarh,2024,2,Insurance,1798,3177315.0
112,chandigarh,2024,3,Insurance,1991,3445738.0
113,chandigarh,2024,4,Insurance,2095,3729932.0
114,chhattisgarh,2020,2,Insurance,1346,279005.0
115,chhattisgarh,2020,3,Insurance,4702,1393656.0
116,chhattisgarh,2020,4,Insurance,3757,2249901.0
117,chhattisgarh,2021,1,Insurance,4712,2620468.0
118,chhattisgarh,2021,2,Insurance,5055,3813417.0
119,chhattisgarh,2021,3,Insurance,4676,3568837.0
120,chhattisgarh,2021,4,Insurance,6029,8229039.0
121,chhattisgarh,2022,1,Insurance,6612,10139190.0
122,chhattisgarh,2022,2,Insurance,7008,10119964.0
123,chhattisgarh,2022,3,Insurance,8849,12119470.0
124,chhattisgarh,2022,4,Insurance,11994,18137856.0
125,chhattisgarh,2023,1,Insurance,10460,16577191.0
126,chhattisgarh,2023,2,Insurance,10514,16389610.0
127,chhattisgarh,2023,3,Insurance,11927,17838382.0
128,chhattisgarh,2023,4,Insurance,17300,29704673.0
129,chhattisgarh,2024,1,Insurance,19579,30083259.0
130,chhattisgarh,2024,2,Insurance,15724,25935743.0
131,chhattisgarh,2024,3,Insurance,16550,27724060.0
132,chhattisgarh,2024,4,Insurance,22723,37421165.0
133,dadra-&-nagar-haveli-&-daman-&-diu,2020,2,Insurance,651,101029.0
134,dadra-&-nagar-haveli-&-daman-&-diu,2020,3,Insurance,257,65504.0
135,dadra-&-nagar-haveli-&-daman-&-diu,2020,4,Insurance,232,149513.0
136,dadra-&-nagar-haveli-&-daman-&-diu,2021,1,Insurance,467,285691.0
137,dadra-&-nagar-haveli-&-daman-&-diu,2021,2,Insurance,368,275638.0
138,dadra-&-nagar-haveli-&-daman-&-diu,2021,3,Insurance,360,273596.0
139,dadra-&-nagar-haveli-&-daman-&-diu,2021,4,Insurance,421,425384.0
140,dadra-&-nagar-haveli-&-daman-&-diu,2022,1,Insurance,493,720741.0
141,dadra-&-nagar-haveli-&-daman-&-diu,2022,2,Insurance,438,686857.0
142,dadra-&-nagar-haveli-&-daman-&-diu,2022,3,Insurance,707,983776.0
143,dadra-&-nagar-haveli-&-daman-&-diu,2022,4,Insurance,871,1272628.0
144,dadra-&-nagar-haveli-&-daman-&-diu,2023,1,Insurance,799,1215168.0
145,dadra-&-nagar-haveli-&-daman-&-diu,2023,2,Insurance,694,1058753.0
146,dadra-&-nagar-haveli-&-daman-&-diu,2023,3,Insurance,969,1333103.0
147,dadra-&-nagar-haveli-&-daman-&-diu,2023,4,Insurance,1207,1973867.0
148,dadra-&-nagar-haveli-&-daman-&-diu,2024,1,Insurance,1295,1908509.0
149,dadra-&-nagar-haveli-&-daman-&-diu,2024,2,Insurance,1008,1367259.0
150,dadra-&-nagar-haveli-&-daman-&-diu,2024,3,Insurance,1052,1602869.0
151,dadra-&-nagar-haveli-&-daman-&-diu,2024,4,Insurance,1503,2292529.0
152,delhi,2020,2,Insurance,11716,1897480.0
153,delhi,2020,3,Insurance,7588,1927285.0
154,delhi,2020,4,Insurance,9725,8045442.0
155,delhi,2021,1,Insurance,12822,9655261.0
156,delhi,2021,2,Insurance,13292,10840929.0
157,delhi,2021,3,Insurance,16679,15007079.0
158,delhi,2021,4,Insurance,34251,36578331.0
159,delhi,2022,1,Insurance,28232,35442069.0
160,delhi,2022,2,Insurance,26378,31787281.0
161,delhi,2022,3,Insurance,35944,41570160.0
162,delhi,2022,4,Insurance,48908,60603173.0
163,delhi,2023,1,Insurance,45821,61040038.0
164,delhi,2023,2,Insurance,41358,54951108.0
165,delhi,2023,3,Insurance,47113,58878500.0
166,delhi,2023,4,Insurance,56336,77332401.0
167,delhi,2024,1,Insurance,53050,76232346.0
168,delhi,2024,2,Insurance,46189,68046072.0
169,delhi,2024,3,Insurance,49150,71139489.0
170,delhi,2024,4,Insurance,67962,94390728.0
171,goa,2020,2,Insurance,341,71100.0
172,goa,2020,3,Insurance,683,196864.0
173,goa,2020,4,Insurance,614,682364.0
174,goa,2021,1,Insurance,879,827384.0
175,goa,2021,2,Insurance,1016,1028339.0
176,goa,2021,3,Insurance,1214,1385986.0
177,goa,2021,4,Insurance,2087,2737316.0
178,goa,2022,1,Insurance,2634,3865245.0
179,goa,2022,2,Insurance,3524,5093510.0
180,goa,2022,3,Insurance,3157,4142108.0
181,goa,2022,4,Insurance,4388,6190669.0
182,goa,2023,1,Insurance,4097,5859549.0
183,goa,2023,2,Insurance,4166,5930801.0
184,goa,2023,3,Insurance,3927,5646054.0
185,goa,2023,4,Insurance,4883,7411001.0
186,goa,2024,1,Insurance,5225,7528093.0
187,goa,2024,2,Insurance,5021,7178558.0
188,goa,2024,3,Insurance,5354,8051690.0
189,goa,2024,4,Insurance,6662,9903374.0
190,gujarat,2020,2,Insurance,7697,1430591.0
191,gujarat,2020,3,Insurance,12525,3335812.0
192,gujarat,2020,4,Insurance,9990,6055037.0
193,gujarat,2021,1,Insurance,12673,7288104.0
194,gujarat,2021,2,Insurance,14676,10263998.0
195,gujarat,2021,3,Insurance,15348,12341903.0
196,gujarat,2021,4,Insurance,19142,23282921.0
197,gujarat,2022,1,Insurance,22221,29953433.0
198,gujarat,2022,2,Insurance,25381,32090965.0
199,gujarat,2022,3,Insurance,31302,37557227.0
200,gujarat,2022,4,Insurance,36418,50629325.0
201,gujarat,2023,1,Insurance,32600,46937694.0
202,gujarat,2023,2,Insurance,32484,46254095.0
203,gujarat,2023,3,Insurance,51049,65768085.0
204,gujarat,2023,4,Insurance,41128,66735446.0
205,gujarat,2024,1,Insurance,44665,62633910.0
206,gujarat,2024,2,Insurance,44007,63866463.0
207,gujarat,2024,3,Insurance,46763,70950327.0
208,gujarat,2024,4,Insurance,62526,91858105.0
209,haryana,2020,2,Insurance,6321,1179814.0
210,haryana,2020,3,Insurance,7139,1884868.0
211,haryana,2020,4,Insurance,8283,5974278.0
212,haryana,2021,1,Insurance,11038,7297880.0
213,haryana,2021,2,Insurance,12516,11272453.0
214,haryana,2021,3,Insurance,14163,13215898.0
215,haryana,2021,4,Insurance,19489,25885838.0
216,haryana,2022,1,Insurance,22783,32526943.0
217,haryana,2022,2,Insurance,25352,33759068.0
218,haryana,2022,3,Insurance,35346,45402800.0
219,haryana,2022,4,Insurance,37971,56627115.0
220,haryana,2023,1,Insurance,37287,61127194.0
221,haryana,2023,2,Insurance,40710,62186066.0
222,haryana,2023,3,Insurance,42815,61782311.0
223,haryana,2023,4,Insurance,47506,80747159.0
224,haryana,2024,1,Insurance,50391,81816509.0
225,haryana,2024,2,Insurance,46085,74779879.0
226,haryana,2024,3,Insurance,49735,79198642.0
227,haryana,2024,4,Insurance,58808,94316512.0
228,himachal-pradesh,2020,2,Insurance,392,77936.0
229,himachal-pradesh,2020,3,Insurance,531,165559.0
230,himachal-pradesh,2020,4,Insurance,710,630966.0
231,himachal-pradesh,2021,1,Insurance,1064,906492.0
232,himachal-pradesh,2021,2,Insurance,1210,1402338.0
233,himachal-pradesh,2021,3,Insurance,1759,2444545.0
234,himachal-pradesh,2021,4,Insurance,2474,4667661.0
235,himachal-pradesh,2022,1,Insurance,2768,5234739.0
236,himachal-pradesh,2022,2,Insurance,2831,5371078.0
237,himachal-pradesh,2022,3,Insurance,3641,6161692.0
238,himachal-pradesh,2022,4,Insurance,4565,9060436.0
239,himachal-pradesh,2023,1,Insurance,3909,7826133.0
240,himachal-pradesh,2023,2,Insurance,4197,8499425.0
241,himachal-pradesh,2023,3,Insurance,3935,7869767.0
242,himachal-pradesh,2023,4,Insurance,5211,11898824.0
243,himachal-pradesh,2024,1,Insurance,5430,10433254.0
244,himachal-pradesh,2024,2,Insurance,5194,10008705.0
245,himachal-pradesh,2024,3,Insurance,5272,10538999.0
246,himachal-pradesh,2024,4,Insurance,6697,14090523.0
247,jammu-&-kashmir,2020,2,Insurance,206,48484.0
248,jammu-&-kashmir,2020,3,Insurance,441,133339.0
249,jammu-&-kashmir,2020,4,Insurance,647,734861.0
250,jammu-&-kashmir,2021,1,Insurance,1105,1546288.0
251,jammu-&-kashmir,2021,2,Insurance,1197,1832089.0
252,jammu-&-kashmir,2021,3,Insurance,1452,2139133.0
253,jammu-&-kashmir,2021,4,Insurance,3113,5223317.0
254,jammu-&-kashmir,2022,1,Insurance,3584,7244267.0
255,jammu-&-kashmir,2022,2,Insurance,4071,7729792.0
256,jammu-&-kashmir,2022,3,Insurance,4794,8281826.0
257,jammu-&-kashmir,2022,4,Insurance,5031,10111183.0
258,jammu-&-kashmir,2023,1,Insurance,4555,10275877.0
259,jammu-&-kashmir,2023,2,Insurance,5262,10974839.0
260,jammu-&-kashmir,2023,3,Insurance,5453,10975874.0
261,jammu-&-kashmir,2023,4,Insurance,6264,13932309.0
262,jammu-&-kashmir,2024,1,Insurance,7313,14695182.0
263,jammu-&-kashmir,2024,2,Insurance,7397,14237707.0
264,jammu-&-kashmir,2024,3,Insurance,7597,15554635.0
265,jammu-&-kashmir,2024,4,Insurance,8893,18252110.0
266,jharkhand,2020,2,Insurance,2063,405031.0
267,jharkhand,2020,3,Insurance,5368,1349934.0
268,jharkhand,2020,4,Insurance,3659,2857024.0
269,jharkhand,2021,1,Insurance,4879,3274851.0
270,jharkhand,2021,2,Insurance,5180,5084230.0
271,jharkhand,2021,3,Insurance,6794,7046048.0
272,jharkhand,2021,4,Insurance,8465,11190423.0
273,jharkhand,2022,1,Insurance,9373,13819466.0
274,jharkhand,2022,2,Insurance,9477,13464840.0
275,jharkhand,2022,3,Insurance,14388,18156857.0
276,jharkhand,2022,4,Insurance,16779,23147805.0
277,jharkhand,2023,1,Insurance,16108,23823406.0
278,jharkhand,2023,2,Insurance,16662,23216215.0
279,jharkhand,2023,3,Insurance,19478,25165702.0
280,jharkhand,2023,4,Insurance,22398,33484644.0
281,jharkhand,2024,1,Insurance,24824,34332990.0
282,jharkhand,2024,2,Insurance,22224,32245129.0
283,jharkhand,2024,3,Insurance,23629,34353146.0
284,jharkhand,2024,4,Insurance,29079,42253614.0
285,karnataka,2020,2,Insurance,27358,4794150.0
286,karnataka,2020,3,Insurance,53701,12407394.0
287,karnataka,2020,4,Insurance,31747,26814968.0
288,karnataka,2021,1,Insurance,37595,30183325.0
289,karnataka,2021,2,Insurance,40969,39501006.0
290,karnataka,2021,3,Insurance,47468,48078366.0
291,karnataka,2021,4,Insurance,74436,90723288.0
292,karnataka,2022,1,Insurance,95640,130733580.0
293,karnataka,2022,2,Insurance,93385,123228632.0
294,karnataka,2022,3,Insurance,110273,144605784.0
295,karnataka,2022,4,Insurance,133971,185063287.0
296,karnataka,2023,1,Insurance,127376,186543426.0
297,karnataka,2023,2,Insurance,117232,175704013.0
298,karnataka,2023,3,Insurance,139699,199448538.0
299,karnataka,2023,4,Insurance,156076,248056311.0
300,karnataka,2024,1,Insurance,169357,264708700.0
301,karnataka,2024,2,Insurance,142599,239304982.0
302,karnataka,2024,3,Insurance,174990,287393291.0
303,karnataka,2024,4,Insurance,183532,305861806.0
304,kerala,2020,2,Insurance,1588,360216.0
305,kerala,2020,3,Insurance,8811,2830361.0
306,kerala,2020,4,Insurance,5479,4445525.0
307,kerala,2021,1,Insurance,5731,5040506.0
308,kerala,2021,2,Insurance,9530,9676588.0
309,kerala,2021,3,Insurance,10926,13255646.0
310,kerala,2021,4,Insurance,19199,31260319.0
311,kerala,2022,1,Insurance,37110,64172190.0
312,kerala,2022,2,Insurance,35667,59920203.0
313,kerala,2022,3,Insurance,54587,85390924.0
314,kerala,2022,4,Insurance,65563,103982997.0
315,kerala,2023,1,Insurance,62377,101786828.0
316,kerala,2023,2,Insurance,61032,100620604.0
317,kerala,2023,3,Insurance,66059,110021582.0
318,kerala,2023,4,Insurance,73543,121905046.0
319,kerala,2024,1,Insurance,73106,115101791.0
320,kerala,2024,2,Insurance,65271,108142369.0
321,kerala,2024,3,Insurance,79123,131721699.0
322,kerala,2024,4,Insurance,89533,144083113.0
323,ladakh,2020,2,Insurance,14,2538.0
324,ladakh,2020,3,Insurance,33,10260.0
325,ladakh,2020,4,Insurance,27,34206.0
326,ladakh,2021,1,Insurance,32,34530.0
327,ladakh,2021,2,Insurance,46,86251.0
328,ladakh,2021,3,Insurance,192,174052.0
329,ladakh,2021,4,Insurance,76,195966.0
330,ladakh,2022,1,Insurance,75,193935.0
331,ladakh,2022,2,Insurance,113,269446.0
332,ladakh,2022,3,Insurance,137,369742.0
333,ladakh,2022,4,Insurance,162,410091.0
334,ladakh,2023,1,Insurance,161,495736.0
335,ladakh,2023,2,Insurance,215,635831.0
336,ladakh,2023,3,Insurance,232,649027.0
337,ladakh,2023,4,Insurance,242,718967.0
338,ladakh,2024,1,Insurance,291,614435.0
339,ladakh,2024,2,Insurance,415,964349.0
340,ladakh,2024,3,Insurance,446,978637.0
341,ladakh,2024,4,Insurance,429,970334.0
342,lakshadweep,2020,3,Insurance,4,1199.0
343,lakshadweep,2021,1,Insurance,4,5225.0
344,lakshadweep,2021,2,Insurance,5,6962.0
345,lakshadweep,2021,3,Insurance,19,16034.0
346,lakshadweep,2021,4,Insurance,11,17096.0
347,lakshadweep,2022,1,Insurance,27,34664.0
348,lakshadweep,2022,2,Insurance,18,27463.0
349,lakshadweep,2022,3,Insurance,38,41504.0
350,lakshadweep,2022,4,Insurance,15,27135.0
351,lakshadweep,2023,1,Insurance,26,30199.0
352,lakshadweep,2023,2,Insurance,15,38384.0
353,lakshadweep,2023,3,Insurance,12,12407.0
354,lakshadweep,2023,4,Insurance,53,78346.0
355,lakshadweep,2024,1,Insurance,15,12935.0
356,lakshadweep,2024,2,Insurance,26,33630.0
357,lakshadweep,2024,3,Insurance,49,55312.0
358,lakshadweep,2024,4,Insurance,159,185542.0
359,madhya-pradesh,2020,2,Insurance,6283,1198701.0
360,madhya-pradesh,2020,3,Insurance,14476,3496126.0
361,madhya-pradesh,2020,4,Insurance,10653,4897124.0
362,madhya-pradesh,2021,1,Insurance,14427,5567927.0
363,madhya-pradesh,2021,2,Insurance,14803,9787391.0
364,madhya-pradesh,2021,3,Insurance,11990,7806258.0
365,madhya-pradesh,2021,4,Insurance,15069,17524432.0
366,madhya-pradesh,2022,1,Insurance,13791,19901462.0
367,madhya-pradesh,2022,2,Insurance,14629,20159098.0
368,madhya-pradesh,2022,3,Insurance,22733,29185118.0
369,madhya-pradesh,2022,4,Insurance,29234,42712883.0
370,madhya-pradesh,2023,1,Insurance,26393,45135679.0
371,madhya-pradesh,2023,2,Insurance,27027,44871764.0
372,madhya-pradesh,2023,3,Insurance,29300,46963348.0
373,madhya-pradesh,2023,4,Insurance,40784,73801070.0
374,madhya-pradesh,2024,1,Insurance,51223,85215982.0
375,madhya-pradesh,2024,2,Insurance,41429,73836667.0
376,madhya-pradesh,2024,3,Insurance,43248,77995668.0
377,madhya-pradesh,2024,4,Insurance,59688,101096769.0
378,maharashtra,2020,2,Insurance,39836,6879717.0
379,maharashtra,2020,3,Insurance,71662,19230156.0
380,maharashtra,2020,4,Insurance,44798,27113814.0
381,maharashtra,2021,1,Insurance,55792,33137753.0
382,maharashtra,2021,2,Insurance,70381,46763103.0
383,maharashtra,2021,3,Insurance,52268,41313307.0
384,maharashtra,2021,4,Insurance,82423,93262227.0
385,maharashtra,2022,1,Insurance,88015,117411928.0
386,maharashtra,2022,2,Insurance,80935,104603934.0
387,maharashtra,2022,3,Insurance,90958,113835208.0
388,maharashtra,2022,4,Insurance,125900,174915648.0
389,maharashtra,2023,1,Insurance,112174,166596248.0
390,maharashtra,2023,2,Insurance,102754,157303399.0
391,maharashtra,2023,3,Insurance,104872,151171882.0
392,maharashtra,2023,4,Insurance,136968,217657114.0
393,maharashtra,2024,1,Insurance,149016,224725389.0
394,maharashtra,2024,2,Insurance,118933,198945046.0
395,maharashtra,2024,3,Insurance,119776,201319952.0
396,maharashtra,2024,4,Insurance,168078,266942711.0
397,manipur,2020,2,Insurance,55,12554.0
398,manipur,2020,3,Insurance,134,45164.0
399,manipur,2020,4,Insurance,90,49057.0
400,manipur,2021,1,Insurance,136,72254.0
401,manipur,2021,2,Insurance,127,81332.0
402,manipur,2021,3,Insurance,111,133016.0
403,manipur,2021,4,Insurance,145,271789.0
404,manipur,2022,1,Insurance,177,517854.0
405,manipur,2022,2,Insurance,218,553649.0
406,manipur,2022,3,Insurance,200,403213.0
407,manipur,2022,4,Insurance,271,620655.0
408,manipur,2023,1,Insurance,222,632084.0
409,manipur,2023,2,Insurance,123,341671.0
410,manipur,2023,3,Insurance,76,193021.0
411,manipur,2023,4,Insurance,225,476626.0
412,manipur,2024,1,Insurance,385,685052.0
413,manipur,2024,2,Insurance,346,647411.0
414,manipur,2024,3,Insurance,285,587893.0
415,manipur,2024,4,Insurance,405,826159.0
416,meghalaya,2020,2,Insurance,41,8829.0
417,meghalaya,2020,3,Insurance,112,33615.0
418,meghalaya,2020,4,Insurance,92,71029.0
419,meghalaya,2021,1,Insurance,107,128776.0
420,meghalaya,2021,2,Insurance,139,148434.0
421,meghalaya,2021,3,Insurance,139,214554.0
422,meghalaya,2021,4,Insurance,263,451612.0
423,meghalaya,2022,1,Insurance,337,729211.0
424,meghalaya,2022,2,Insurance,379,789094.0
425,meghalaya,2022,3,Insurance,600,1039491.0
426,meghalaya,2022,4,Insurance,627,1189529.0
427,meghalaya,2023,1,Insurance,562,1187523.0
428,meghalaya,2023,2,Insurance,730,1551577.0
429,meghalaya,2023,3,Insurance,809,1728076.0
430,meghalaya,2023,4,Insurance,806,1843364.0
431,meghalaya,2024,1,Insurance,1030,1987107.0
432,meghalaya,2024,2,Insurance,1235,2318007.0
433,meghalaya,2024,3,Insurance,1140,2443878.0
434,meghalaya,2024,4,Insurance,1313,2493656.0
435,mizoram,2020,2,Insurance,31,7322.0
436,mizoram,2020,3,Insurance,74,24691.0
437,mizoram,2020,4,Insurance,81,119124.0
438,mizoram,2021,1,Insurance,415,302841.0
439,mizoram,2021,2,Insurance,187,124805.0
440,mizoram,2021,3,Insurance,81,83641.0
441,mizoram,2021,4,Insurance,100,175847.0
442,mizoram,2022,1,Insurance,85,189428.0
443,mizoram,2022,2,Insurance,76,115090.0
444,mizoram,2022,3,Insurance,310,471306.0
445,mizoram,2022,4,Insurance,350,612551.0
446,mizoram,2023,1,Insurance,171,326688.0
447,mizoram,2023,2,Insurance,119,232928.0
448,mizoram,2023,3,Insurance,166,271799.0
449,mizoram,2023,4,Insurance,312,557950.0
450,mizoram,2024,1,Insurance,277,427693.0
451,mizoram,2024,2,Insurance,214,331455.0
452,mizoram,2024,3,Insurance,186,275746.0
453,mizoram,2024,4,Insurance,489,811687.0
454,nagaland,2020,2,Insurance,41,9791.0
455,nagaland,2020,3,Insurance,89,20798.0
456,nagaland,2020,4,Insurance,62,38836.0
457,nagaland,2021,1,Insurance,79,42973.0
458,nagaland,2021,2,Insurance,85,139479.0
459,nagaland,2021,3,Insurance,91,123643.0
460,nagaland,2021,4,Insurance,183,341424.0
461,nagaland,2022,1,Insurance,242,529223.0
462,nagaland,2022,2,Insurance,186,380878.0
463,nagaland,2022,3,Insurance,210,439669.0
464,nagaland,2022,4,Insurance,367,700864.0
465,nagaland,2023,1,Insurance,320,704957.0
466,nagaland,2023,2,Insurance,269,628890.0
467,nagaland,2023,3,Insurance,268,632287.0
468,nagaland,2023,4,Insurance,331,822973.0
469,nagaland,2024,1,Insurance,526,925684.0
470,nagaland,2024,2,Insurance,418,685292.0
471,nagaland,2024,3,Insurance,410,820539.0
472,nagaland,2024,4,Insurance,568,1168417.0
473,odisha,2020,2,Insurance,2981,615193.0
474,odisha,2020,3,Insurance,10955,2640191.0
475,odisha,2020,4,Insurance,7526,4208701.0
476,odisha,2021,1,Insurance,8236,4383330.0
477,odisha,2021,2,Insurance,7942,5832924.0
478,odisha,2021,3,Insurance,7967,6008686.0
479,odisha,2021,4,Insurance,9093,10941626.0
480,odisha,2022,1,Insurance,9627,14539309.0
481,odisha,2022,2,Insurance,12371,16631095.0
482,odisha,2022,3,Insurance,18898,23308531.0
483,odisha,2022,4,Insurance,24538,33565401.0
484,odisha,2023,1,Insurance,18899,29360555.0
485,odisha,2023,2,Insurance,22163,31307110.0
486,odisha,2023,3,Insurance,20263,29008350.0
487,odisha,2023,4,Insurance,25065,39753392.0
488,odisha,2024,1,Insurance,27977,40032495.0
489,odisha,2024,2,Insurance,24579,36840474.0
490,odisha,2024,3,Insurance,26524,40608651.0
491,odisha,2024,4,Insurance,33165,46973224.0
492,puducherry,2020,2,Insurance,112,22251.0
493,puducherry,2020,3,Insurance,191,58399.0
494,puducherry,2020,4,Insurance,234,197955.0
495,puducherry,2021,1,Insurance,372,351827.0
496,puducherry,2021,2,Insurance,526,508277.0
497,puducherry,2021,3,Insurance,561,556442.0
498,puducherry,2021,4,Insurance,786,946607.0
499,puducherry,2022,1,Insurance,1199,1663404.0
500,puducherry,2022,2,Insurance,1156,1597786.0
501,puducherry,2022,3,Insurance,1585,2025529.0
502,puducherry,2022,4,Insurance,2331,2693130.0
503,puducherry,2023,1,Insurance,1955,2593091.0
504,puducherry,2023,2,Insurance,1809,2614006.0
505,puducherry,2023,3,Insurance,2232,2891647.0
506,puducherry,2023,4,Insurance,2447,3419395.0
507,puducherry,2024,1,Insurance,2702,3793554.0
508,puducherry,2024,2,Insurance,2304,3322997.0
509,puducherry,2024,3,Insurance,2600,3968523.0
510,puducherry,2024,4,Insurance,2838,3896033.0
511,punjab,2020,2,Insurance,2036,399452.0
512,punjab,2020,3,Insurance,2488,684753.0
513,punjab,2020,4,Insurance,2451,1884291.0
514,punjab,2021,1,Insurance,3783,2558380.0
515,punjab,2021,2,Insurance,4047,3768919.0
516,punjab,2021,3,Insurance,4887,5271559.0
517,punjab,2021,4,Insurance,6638,9912828.0
518,punjab,2022,1,Insurance,7475,13155682.0
519,punjab,2022,2,Insurance,9175,15465367.0
520,punjab,2022,3,Insurance,12370,19381895.0
521,punjab,2022,4,Insurance,12187,21727831.0
522,punjab,2023,1,Insurance,10816,23330966.0
523,punjab,2023,2,Insurance,13187,24998175.0
524,punjab,2023,3,Insurance,14048,24461488.0
525,punjab,2023,4,Insurance,13777,28715828.0
526,punjab,2024,1,Insurance,14729,28213940.0
527,punjab,2024,2,Insurance,14129,27164397.0
528,punjab,2024,3,Insurance,15509,30111034.0
529,punjab,2024,4,Insurance,16279,31878987.0
530,rajasthan,2020,2,Insurance,5373,1095933.0
531,rajasthan,2020,3,Insurance,15235,3758527.0
532,rajasthan,2020,4,Insurance,12509,6471573.0
533,rajasthan,2021,1,Insurance,17800,8074225.0
534,rajasthan,2021,2,Insurance,18281,14357445.0
535,rajasthan,2021,3,Insurance,16643,12793862.0
536,rajasthan,2021,4,Insurance,19375,24455262.0
537,rajasthan,2022,1,Insurance,21517,31576932.0
538,rajasthan,2022,2,Insurance,24333,33748931.0
539,rajasthan,2022,3,Insurance,33975,45565544.0
540,rajasthan,2022,4,Insurance,40926,60792838.0
541,rajasthan,2023,1,Insurance,34415,61441050.0
542,rajasthan,2023,2,Insurance,37170,61301449.0
543,rajasthan,2023,3,Insurance,39960,64328784.0
544,rajasthan,2023,4,Insurance,49741,94701652.0
545,rajasthan,2024,1,Insurance,59127,102926410.0
546,rajasthan,2024,2,Insurance,55241,95504657.0
547,rajasthan,2024,3,Insurance,64533,108827800.0
548,rajasthan,2024,4,Insurance,73530,127930986.0
549,sikkim,2020,2,Insurance,21,4789.0
550,sikkim,2020,3,Insurance,94,28000.0
551,sikkim,2020,4,Insurance,67,70214.0
552,sikkim,2021,1,Insurance,122,111777.0
553,sikkim,2021,2,Insurance,93,122064.0
554,sikkim,2021,3,Insurance,106,140552.0
555,sikkim,2021,4,Insurance,195,503532.0
556,sikkim,2022,1,Insurance,239,685987.0
557,sikkim,2022,2,Insurance,160,383709.0
558,sikkim,2022,3,Insurance,243,474940.0
559,sikkim,2022,4,Insurance,306,667214.0
560,sikkim,2023,1,Insurance,260,688605.0
561,sikkim,2023,2,Insurance,270,628191.0
562,sikkim,2023,3,Insurance,251,698251.0
563,sikkim,2023,4,Insurance,324,793745.0
564,sikkim,2024,1,Insurance,400,880182.0
565,sikkim,2024,2,Insurance,685,1590554.0
566,sikkim,2024,3,Insurance,461,1029398.0
567,sikkim,2024,4,Insurance,599,1381680.0
568,tamil-nadu,2020,2,Insurance,5473,1075552.0
569,tamil-nadu,2020,3,Insurance,8026,2257373.0
570,tamil-nadu,2020,4,Insurance,10290,8993575.0
571,tamil-nadu,2021,1,Insurance,14406,11180849.0
572,tamil-nadu,2021,2,Insurance,17682,16444344.0
573,tamil-nadu,2021,3,Insurance,23107,23402918.0
574,tamil-nadu,2021,4,Insurance,33037,42184290.0
575,tamil-nadu,2022,1,Insurance,47621,64969045.0
576,tamil-nadu,2022,2,Insurance,46714,61835120.0
577,tamil-nadu,2022,3,Insurance,64356,79747520.0
578,tamil-nadu,2022,4,Insurance,125491,146457790.0
579,tamil-nadu,2023,1,Insurance,90690,116710222.0
580,tamil-nadu,2023,2,Insurance,79698,105328191.0
581,tamil-nadu,2023,3,Insurance,91069,114625593.0
582,tamil-nadu,2023,4,Insurance,104871,139433796.0
583,tamil-nadu,2024,1,Insurance,111521,148976175.0
584,tamil-nadu,2024,2,Insurance,97348,135972378.0
585,tamil-nadu,2024,3,Insurance,116867,162128271.0
586,tamil-nadu,2024,4,Insurance,127002,173784251.0
587,telangana,2020,2,Insurance,19003,3419453.0
588,telangana,2020,3,Insurance,34395,8406543.0
589,telangana,2020,4,Insurance,20961,11339099.0
590,telangana,2021,1,Insurance,28298,14810947.0
591,telangana,2021,2,Insurance,28870,20935651.0
592,telangana,2021,3,Insurance,27080,20925217.0
593,telangana,2021,4,Insurance,34848,38845492.0
594,telangana,2022,1,Insurance,36325,51942016.0
595,telangana,2022,2,Insurance,45600,58056956.0
596,telangana,2022,3,Insurance,51465,64798126.0
597,telangana,2022,4,Insurance,64655,88544127.0
598,telangana,2023,1,Insurance,54508,82678207.0
599,telangana,2023,2,Insurance,55118,79238968.0
600,telangana,2023,3,Insurance,61523,84397465.0
601,telangana,2023,4,Insurance,63993,105605522.0
602,telangana,2024,1,Insurance,67388,105607539.0
603,telangana,2024,2,Insurance,56941,96037304.0
604,telangana,2024,3,Insurance,64873,110715264.0
605,telangana,2024,4,Insurance,78498,124755619.0
606,tripura,2020,2,Insurance,88,22054.0
607,tripura,2020,3,Insurance,249,61642.0
608,tripura,2020,4,Insurance,244,149765.0
609,tripura,2021,1,Insurance,360,191531.0
610,tripura,2021,2,Insurance,381,409934.0
611,tripura,2021,3,Insurance,494,649961.0
612,tripura,2021,4,Insurance,702,1022508.0
613,tripura,2022,1,Insurance,907,1493401.0
614,tripura,2022,2,Insurance,1021,1509105.0
615,tripura,2022,3,Insurance,1590,2105984.0
616,tripura,2022,4,Insurance,1508,2112534.0
617,tripura,2023,1,Insurance,1642,2404958.0
618,tripura,2023,2,Insurance,1563,2163813.0
619,tripura,2023,3,Insurance,2071,2899393.0
620,tripura,2023,4,Insurance,2237,3169741.0
621,tripura,2024,1,Insurance,2637,3417568.0
622,tripura,2024,2,Insurance,2188,2869489.0
623,tripura,2024,3,Insurance,2516,3323343.0
624,tripura,2024,4,Insurance,2794,3765732.0
625,uttar-pradesh,2020,2,Insurance,9884,1912266.0
626,uttar-pradesh,2020,3,Insurance,18131,4436969.0
627,uttar-pradesh,2020,4,Insurance,17470,14180417.0
628,uttar-pradesh,2021,1,Insurance,24103,18027573.0
629,uttar-pradesh,2021,2,Insurance,25952,25137571.0
630,uttar-pradesh,2021,3,Insurance,32799,32641118.0
631,uttar-pradesh,2021,4,Insurance,44132,59654951.0
632,uttar-pradesh,2022,1,Insurance,45996,73014969.0
633,uttar-pradesh,2022,2,Insurance,55133,77434953.0
634,uttar-pradesh,2022,3,Insurance,64514,87703512.0
635,uttar-pradesh,2022,4,Insurance,77022,116755813.0
636,uttar-pradesh,2023,1,Insurance,73080,127110494.0
637,uttar-pradesh,2023,2,Insurance,74194,122522457.0
638,uttar-pradesh,2023,3,Insurance,78940,121483170.0
639,uttar-pradesh,2023,4,Insurance,92125,165509877.0
640,uttar-pradesh,2024,1,Insurance,103701,176442664.0
641,uttar-pradesh,2024,2,Insurance,92458,159894258.0
642,uttar-pradesh,2024,3,Insurance,92930,157303596.0
643,uttar-pradesh,2024,4,Insurance,116589,199179867.0
644,uttarakhand,2020,2,Insurance,660,134899.0
645,uttarakhand,2020,3,Insurance,1403,418543.0
646,uttarakhand,2020,4,Insurance,1756,1961891.0
647,uttarakhand,2021,1,Insurance,2607,2719327.0
648,uttarakhand,2021,2,Insurance,2742,3265717.0
649,uttarakhand,2021,3,Insurance,4111,4646571.0
650,uttarakhand,2021,4,Insurance,5529,7849020.0
651,uttarakhand,2022,1,Insurance,5339,8824948.0
652,uttarakhand,2022,2,Insurance,5773,9168313.0
653,uttarakhand,2022,3,Insurance,6784,10070172.0
654,uttarakhand,2022,4,Insurance,8750,13817747.0
655,uttarakhand,2023,1,Insurance,7552,13599026.0
656,uttarakhand,2023,2,Insurance,8051,14034915.0
657,uttarakhand,2023,3,Insurance,7856,12636749.0
658,uttarakhand,2023,4,Insurance,10040,19045152.0
659,uttarakhand,2024,1,Insurance,11533,19531483.0
660,uttarakhand,2024,2,Insurance,10311,17754447.0
661,uttarakhand,2024,3,Insurance,10487,17860144.0
662,uttarakhand,2024,4,Insurance,13090,23367549.0
663,west-bengal,2020,2,Insurance,7619,1432764.0
664,west-bengal,2020,3,Insurance,12596,2878482.0
665,west-bengal,2020,4,Insurance,10233,7510455.0
666,west-bengal,2021,1,Insurance,15488,11172042.0
667,west-bengal,2021,2,Insurance,15200,12396029.0
668,west-bengal,2021,3,Insurance,24839,21424337.0
669,west-bengal,2021,4,Insurance,26320,31282871.0
670,west-bengal,2022,1,Insurance,38779,51160527.0
671,west-bengal,2022,2,Insurance,33542,41737021.0
672,west-bengal,2022,3,Insurance,47853,59092307.0
673,west-bengal,2022,4,Insurance,54277,70466433.0
674,west-bengal,2023,1,Insurance,56833,77461732.0
675,west-bengal,2023,2,Insurance,49792,65204280.0
676,west-bengal,2023,3,Insurance,58131,76359312.0
677,west-bengal,2023,4,Insurance,72712,100365562.0
678,west-bengal,2024,1,Insurance,79576,104987909.0
679,west-bengal,2024,2,Insurance,67048,89476633.0
680,west-bengal,2024,3,Insurance,77158,107451766.0
681,west-bengal,2024,4,Insurance,91719,120602777.0
